[
  {
    "id": "user_1762766172539",
    "email": "test@example.com",
    "fullName": "Test User",
    "provider": "google",
    "createdAt": "2025-11-10T09:16:12.539Z",
    "lastLogin": "2025-11-10T09:16:12.539Z"
  },
  {
    "id": "user_1762768244694",
    "email": "zaxmin92@gmail.com",
    "fullName": "zax",
    "provider": "google",
    "createdAt": "2025-11-10T09:50:44.694Z",
    "lastLogin": "2025-11-10T09:50:44.694Z"
  },
  {
    "id": "user_1762768279264",
    "email": "zax@fafa.com",
    "fullName": "dada",
    "provider": "google",
    "createdAt": "2025-11-10T09:51:19.264Z",
    "lastLogin": "2025-11-10T09:51:19.264Z"
  },
  {
    "id": "user_1762771272806",
    "email": "zax@gmail.com",
    "fullName": "zax",
    "provider": "google",
    "createdAt": "2025-11-10T10:41:12.806Z",
    "lastLogin": "2025-11-10T10:41:12.806Z"
  }
]